Problem,Go 1.12.3 (Compiled),Groovy 2.5.6/JDK8 (NailGun),Node.js 8.5.1,PyPy 3.6-7.1.0,Python 3.7.3,Ruby 2.6.0
Baseline,0.12324,0.11323,0.1122,0.11116,0.11465,0.11415
Euler001,0.12575,0.11363,0.1125,0.11393,0.11392,0.11588
Euler002,0.12424,0.11267,0.11158,0.11175,0.11418,0.11391
Euler003,0.12432,0.11451,0.10985,0.11798,0.12023,0.11433
Euler004,0.12395,0.11428,0.11624,0.11699,0.11738,0.12294
Euler005,0.12617,0.11648,0.12294,0.11088,0.11184,0.11168
Euler006,0.12448,0.11551,0.11016,0.11459,0.1134,0.1094
Euler007,0.12412,0.11368,0.17956,0.11741,0.19018,0.11424
