Problem,Go (Compiled),Groovy,JavaScript,Python,Ruby
Euler001,0.002019929885864258,1.017478068669637,0.07088294029235839,0.017475032806396486,0.09354860782623291
Euler002,0.0020183444023132322,0.9694577058156332,0.07089996337890625,0.018093442916870116,0.09362986087799072
Euler003,0.0020563960075378417,1.030965805053711,0.07136876583099365,0.018486666679382324,0.09525279998779297
Euler004,0.02788844108581543,1.0667374928792317,0.12467536926269532,0.22510478496551514,0.2945641279220581
Euler005,0.0020374178886413572,1.1182950337727864,0.07104983329772949,0.023461270332336425,0.09350471496582032
