Problem,Go (Compiled),Go (Go Run),Groovy (Direct),Groovy (NailGun),JavaScript,Python,Ruby
Euler001,0.0020445942878723144,0.2400664488474528,1.0434832572937012,0.025338125228881837,0.0732189655303955,0.017482066154479982,0.09329657554626465
Euler002,0.002032148838043213,0.23169414202372232,0.9787059624989828,0.020290064811706542,0.07087666988372802,0.017689776420593262,0.09335482120513916
Euler003,0.002025425434112549,0.23036821683247885,1.0105973879496257,0.02481231689453125,0.0710214376449585,0.0185300350189209,0.0935718297958374
Euler004,0.025379836559295654,0.2531447410583496,1.1130305131276448,0.05097925662994385,0.1234971046447754,0.227026629447937,0.29255568981170654
Euler005,0.0020329833030700685,0.23245898882548013,1.1191364129384358,0.03761670589447021,0.0738649845123291,0.02345166206359863,0.09352712631225586
Euler006,0.002019453048706055,0.22802042961120605,1.0122312704722087,0.01998763084411621,0.0726175308227539,0.017100882530212403,0.093635892868042
Euler007,0.003416275978088379,0.23312886555989584,1.4486167430877686,0.2539334297180176,0.3296401023864746,0.12355496883392333,0.09322175979614258
