Problem,Go 1.12.3 (Compiled),Groovy 2.5.6/JDK8 (NailGun),Node.js 8.5.1,PyPy 3.6-7.1.0,Python 3.7.3,Ruby 2.6.0
Baseline,0.0007306,0.01669,0.04823,0.03763,0.03551,0.06192
Euler001,0.0009019,0.01462,0.05017,0.03759,0.03544,0.0619
Euler002,0.001169,0.01188,0.05055,0.03788,0.03657,0.06162
Euler003,0.0009045,0.01619,0.05079,0.03901,0.03635,0.06291
Euler004,0.0237,0.04797,0.1119,0.1058,0.2134,0.2531
Euler005,0.002018,0.01677,0.05083,0.04849,0.05497,0.06276
Euler006,0.000892,0.01127,0.0513,0.03759,0.03541,0.06187
Euler007,0.002516,0.218,0.8056,0.1244,0.1417,0.06451
