{
    "Baseline": {
        "Go 1.12.3 (Compiled)": 0.12324,
        "Groovy 2.5.6/JDK8 (NailGun)": 0.11323,
        "Node.js 8.5.1": 0.1122,
        "Python 3.7.3": 0.11465,
        "PyPy 3.6-7.1.0": 0.11116,
        "Ruby 2.6.0": 0.11415
    },
    "Euler001": {
        "Go 1.12.3 (Compiled)": 0.12575,
        "Groovy 2.5.6/JDK8 (NailGun)": 0.11363,
        "Node.js 8.5.1": 0.1125,
        "Python 3.7.3": 0.11392,
        "PyPy 3.6-7.1.0": 0.11393,
        "Ruby 2.6.0": 0.11588
    },
    "Euler002": {
        "Go 1.12.3 (Compiled)": 0.12424,
        "Groovy 2.5.6/JDK8 (NailGun)": 0.11267,
        "Node.js 8.5.1": 0.11158,
        "Python 3.7.3": 0.11418,
        "PyPy 3.6-7.1.0": 0.11175,
        "Ruby 2.6.0": 0.11391
    },
    "Euler003": {
        "Go 1.12.3 (Compiled)": 0.12432,
        "Groovy 2.5.6/JDK8 (NailGun)": 0.11451,
        "Node.js 8.5.1": 0.10985,
        "Python 3.7.3": 0.12023,
        "PyPy 3.6-7.1.0": 0.11798,
        "Ruby 2.6.0": 0.11433
    },
    "Euler004": {
        "Go 1.12.3 (Compiled)": 0.12395,
        "Groovy 2.5.6/JDK8 (NailGun)": 0.11428,
        "Node.js 8.5.1": 0.11624,
        "Python 3.7.3": 0.11738,
        "PyPy 3.6-7.1.0": 0.11699,
        "Ruby 2.6.0": 0.12294
    },
    "Euler005": {
        "Go 1.12.3 (Compiled)": 0.12617,
        "Groovy 2.5.6/JDK8 (NailGun)": 0.11648,
        "Node.js 8.5.1": 0.12294,
        "Python 3.7.3": 0.11184,
        "PyPy 3.6-7.1.0": 0.11088,
        "Ruby 2.6.0": 0.11168
    },
    "Euler006": {
        "Go 1.12.3 (Compiled)": 0.12448,
        "Groovy 2.5.6/JDK8 (NailGun)": 0.11551,
        "Node.js 8.5.1": 0.11016,
        "Python 3.7.3": 0.1134,
        "PyPy 3.6-7.1.0": 0.11459,
        "Ruby 2.6.0": 0.1094
    },
    "Euler007": {
        "Go 1.12.3 (Compiled)": 0.12412,
        "Groovy 2.5.6/JDK8 (NailGun)": 0.11368,
        "Node.js 8.5.1": 0.17956,
        "Python 3.7.3": 0.19018,
        "PyPy 3.6-7.1.0": 0.11741,
        "Ruby 2.6.0": 0.11424
    }
}